{
  "assets/images/logo.png": 1754391493479,
  "i18n/i18n_ar.properties": 1762243852478,
  "i18n/i18n.properties": 1762244302375,
  "controller/ApproveAdvance.controller.js": 1762240245201,
  "manifest.json": 1762254896701,
  "assets/scripts/forge.min.js": 1754391493483,
  "ui/MultiSelectComboBox.js": 1762244053643,
  "ui/BusyIndicator.js": 1754391493487,
  "ui/BusyDialog.js": 1754391493487,
  "utils/swal.js": 1754391493487,
  "utils/lodash.js": 1754391493487,
  "model/models.js": 1754391493487,
  "model/formatter.js": 1754391493487,
  "controller/ViewMission.controller.js": 1762243236061,
  "controller/Unauthorized.controller.js": 1754391493487,
  "controller/NotFound.controller.js": 1754391493487,
  "controller/ItineraryMission.controller.js": 1762242962845,
  "controller/Home.controller.js": 1754391493483,
  "controller/EditMission.controller.js": 1762242659492,
  "controller/CreateMission.controller.js": 1762242331956,
  "controller/ClaimMission.controller.js": 1762241973303,
  "controller/BaseController.js": 1762241793086,
  "controller/ApproveMission.controller.js": 1762241696042,
  "controller/ApproveClaim.controller.js": 1762241390690,
  "controller/ApproveCancel.controller.js": 1762240603553,
  "assets/data/findMissions.json": 1754391493479,
  "controller/App.controller.js": 1754391493483,
  "controller/AdvanceMission.controller.js": 1762240046212,
  "controller/AdminPage.controller.js": 1754391493483,
  "Component.js": 1754391493479,
  "manifest-bundle.zip": 1762254896718,
  "Component-preload.js": 1762254898588,
  "controller/AdvanceMission-dbg.controller.js": 1762240046212,
  "utils/swal-dbg.js": 1754391493487,
  "utils/lodash-dbg.js": 1754391493487,
  "model/models-dbg.js": 1754391493487,
  "model/formatter-dbg.js": 1754391493487,
  "ui/MultiSelectComboBox-dbg.js": 1762244053643,
  "ui/BusyIndicator-dbg.js": 1754391493487,
  "ui/BusyDialog-dbg.js": 1754391493487,
  "controller/ViewMission-dbg.controller.js": 1762243236061,
  "controller/Unauthorized-dbg.controller.js": 1754391493487,
  "controller/NotFound-dbg.controller.js": 1754391493487,
  "controller/ItineraryMission-dbg.controller.js": 1762242962845,
  "controller/Home-dbg.controller.js": 1754391493483,
  "controller/EditMission-dbg.controller.js": 1762242659492,
  "controller/CreateMission-dbg.controller.js": 1762242331956,
  "controller/ClaimMission-dbg.controller.js": 1762241973303,
  "controller/BaseController-dbg.js": 1762241793086,
  "controller/ApproveMission-dbg.controller.js": 1762241696042,
  "controller/ApproveClaim-dbg.controller.js": 1762241390690,
  "controller/ApproveCancel-dbg.controller.js": 1762240603553,
  "controller/ApproveAdvance-dbg.controller.js": 1762240245201,
  "controller/App-dbg.controller.js": 1754391493483,
  "assets/scripts/forge.min-dbg.js": 1754391493483,
  "controller/AdminPage-dbg.controller.js": 1754391493483,
  "Component-dbg.js": 1754391493479,
  "assets/images/favicon/favicon-32x32.png": 1754391493479,
  "assets/images/icons/user.gif": 1754391493479,
  "assets/images/icons/en.png": 1754391493479,
  "assets/images/icons/ar.png": 1754391493479,
  "view/fragments/SelectDelegator.fragment.xml": 1754391493491,
  "view/fragments/SearchEmployee.fragment.xml": 1754391493491,
  "view/fragments/ReportDateSelection.fragment.xml": 1754391493491,
  "view/fragments/PresetDateSelection.fragment.xml": 1754391493491,
  "view/fragments/HeaderOverflowMenuPopover.fragment.xml": 1754391493491,
  "view/fragments/Header.fragment.xml": 1754391493491,
  "view/fragments/GenericBusyDialog.fragment.xml": 1754391493491,
  "view/fragments/ErrorPane.fragment.xml": 1754391493491,
  "view/fragments/ClaimAdvanceFilterDialog.fragment.xml": 1754391493491,
  "i18n/i18n_en.properties": 1762244309823,
  "assets/images/logo-ar.png": 1754391493479,
  "assets/images/loader.svg": 1754391493479,
  "view/ViewMission.view.xml": 1762245401861,
  "view/Unauthorized.view.xml": 1754391493491,
  "view/NotFound.view.xml": 1754391493491,
  "view/ItineraryMission.view.xml": 1762245154433,
  "view/Home.view.xml": 1754399401201,
  "view/EditMission.view.xml": 1762254817285,
  "view/CreateMission.view.xml": 1762254810505,
  "view/ClaimMission.view.xml": 1762244928016,
  "view/ApproveMission.view.xml": 1762244700864,
  "view/ApproveClaim.view.xml": 1762244660608,
  "view/ApproveCancel.view.xml": 1762244547228,
  "view/ApproveAdvance.view.xml": 1762244474711,
  "view/App.view.xml": 1754391493491,
  "view/AdvanceMission.view.xml": 1762244280167,
  "view/AdminPage.view.xml": 1754391493491,
  "ui/MultiSelectComboBox.css": 1762244019058,
  "css/style.css": 1762243448497,
  "css/animate.css": 1754391493487,
  "index.html": 1754391493487
}