{
  "controller/CreateMission.controller.js": 1756280725325,
  "i18n/i18n_ar.properties": 1754391493487,
  "i18n/i18n_en.properties": 1754391493487,
  "controller/App.controller.js": 1754391493483,
  "manifest.json": 1756281638503,
  "assets/scripts/forge.min.js": 1754391493483,
  "utils/swal.js": 1754391493487,
  "utils/lodash.js": 1754391493487,
  "ui/BusyIndicator.js": 1754391493487,
  "ui/BusyDialog.js": 1754391493487,
  "model/models.js": 1754391493487,
  "model/formatter.js": 1754391493487,
  "controller/ViewMission.controller.js": 1754391493487,
  "controller/Unauthorized.controller.js": 1754391493487,
  "controller/NotFound.controller.js": 1754391493487,
  "controller/ItineraryMission.controller.js": 1754391493487,
  "controller/Home.controller.js": 1754391493483,
  "controller/EditMission.controller.js": 1756281592741,
  "i18n/i18n.properties": 1754391493487,
  "controller/ClaimMission.controller.js": 1754391493483,
  "controller/BaseController.js": 1756280605522,
  "controller/ApproveMission.controller.js": 1754391493483,
  "controller/ApproveClaim.controller.js": 1754391493483,
  "controller/ApproveCancel.controller.js": 1754391493483,
  "controller/ApproveAdvance.controller.js": 1754391493483,
  "assets/data/findMissions.json": 1754391493479,
  "controller/AdvanceMission.controller.js": 1754391493483,
  "controller/AdminPage.controller.js": 1754391493483,
  "Component.js": 1754391493479,
  "manifest-bundle.zip": 1756281638521,
  "Component-preload.js": 1756281640322,
  "controller/EditMission-dbg.controller.js": 1756281592741,
  "utils/swal-dbg.js": 1754391493487,
  "utils/lodash-dbg.js": 1754391493487,
  "ui/BusyIndicator-dbg.js": 1754391493487,
  "ui/BusyDialog-dbg.js": 1754391493487,
  "model/models-dbg.js": 1754391493487,
  "model/formatter-dbg.js": 1754391493487,
  "controller/ViewMission-dbg.controller.js": 1754391493487,
  "controller/Unauthorized-dbg.controller.js": 1754391493487,
  "controller/NotFound-dbg.controller.js": 1754391493487,
  "controller/ItineraryMission-dbg.controller.js": 1754391493487,
  "controller/Home-dbg.controller.js": 1754391493483,
  "assets/scripts/forge.min-dbg.js": 1754391493483,
  "controller/CreateMission-dbg.controller.js": 1756280725325,
  "controller/ClaimMission-dbg.controller.js": 1754391493483,
  "controller/BaseController-dbg.js": 1756280605522,
  "controller/ApproveMission-dbg.controller.js": 1754391493483,
  "controller/ApproveClaim-dbg.controller.js": 1754391493483,
  "controller/ApproveCancel-dbg.controller.js": 1754391493483,
  "controller/ApproveAdvance-dbg.controller.js": 1754391493483,
  "controller/App-dbg.controller.js": 1754391493483,
  "controller/AdvanceMission-dbg.controller.js": 1754391493483,
  "controller/AdminPage-dbg.controller.js": 1754391493483,
  "Component-dbg.js": 1754391493479,
  "assets/images/icons/user.gif": 1754391493479,
  "assets/images/icons/en.png": 1754391493479,
  "assets/images/icons/ar.png": 1754391493479,
  "assets/images/favicon/favicon-32x32.png": 1754391493479,
  "view/fragments/SelectDelegator.fragment.xml": 1754391493491,
  "view/fragments/SearchEmployee.fragment.xml": 1754391493491,
  "view/fragments/ReportDateSelection.fragment.xml": 1754391493491,
  "view/fragments/PresetDateSelection.fragment.xml": 1754391493491,
  "view/fragments/HeaderOverflowMenuPopover.fragment.xml": 1754391493491,
  "view/fragments/Header.fragment.xml": 1754391493491,
  "view/fragments/GenericBusyDialog.fragment.xml": 1754391493491,
  "view/fragments/ErrorPane.fragment.xml": 1754391493491,
  "view/fragments/ClaimAdvanceFilterDialog.fragment.xml": 1754391493491,
  "assets/images/logo.png": 1754391493479,
  "assets/images/logo-ar.png": 1754391493479,
  "assets/images/loader.svg": 1754391493479,
  "view/ViewMission.view.xml": 1754391493491,
  "view/Unauthorized.view.xml": 1754391493491,
  "view/NotFound.view.xml": 1754391493491,
  "view/ItineraryMission.view.xml": 1754391493491,
  "view/Home.view.xml": 1754399401201,
  "view/EditMission.view.xml": 1754391493491,
  "view/CreateMission.view.xml": 1754391493491,
  "view/ClaimMission.view.xml": 1754491616186,
  "view/ApproveMission.view.xml": 1754391493491,
  "view/ApproveClaim.view.xml": 1754391493491,
  "view/ApproveCancel.view.xml": 1754391493491,
  "view/ApproveAdvance.view.xml": 1754391493491,
  "view/App.view.xml": 1754391493491,
  "view/AdvanceMission.view.xml": 1754391493491,
  "view/AdminPage.view.xml": 1754391493491,
  "css/style.css": 1754391493487,
  "css/animate.css": 1754391493487,
  "index.html": 1754391493487
}