{
  "model/models.js": 1751372726484,
  "i18n/i18n_ar.properties": 1751962197675,
  "i18n/i18n.properties": 1751372726440,
  "controller/EditMission.controller.js": 1751640157532,
  "manifest.json": 1753192371674,
  "assets/scripts/forge.min.js": 1751372726460,
  "utils/swal.js": 1751372726484,
  "utils/lodash.js": 1751372726484,
  "i18n/i18n_en.properties": 1751372726440,
  "model/formatter.js": 1751372726484,
  "ui/BusyIndicator.js": 1751372794329,
  "ui/BusyDialog.js": 1751372794329,
  "controller/ViewMission.controller.js": 1751372794169,
  "controller/Unauthorized.controller.js": 1751372794009,
  "controller/NotFound.controller.js": 1751372794265,
  "controller/ItineraryMission.controller.js": 1751372794329,
  "controller/Home.controller.js": 1751971554906,
  "assets/data/findMissions.json": 1751372726444,
  "controller/CreateMission.controller.js": 1751640157532,
  "controller/ClaimMission.controller.js": 1751372794245,
  "controller/BaseController.js": 1751637703489,
  "controller/ApproveMission.controller.js": 1751372794245,
  "controller/ApproveClaim.controller.js": 1751372794009,
  "controller/ApproveCancel.controller.js": 1751372794009,
  "controller/ApproveAdvance.controller.js": 1751372794169,
  "controller/App.controller.js": 1751372794009,
  "controller/AdvanceMission.controller.js": 1751372794265,
  "controller/AdminPage.controller.js": 1751372794009,
  "Component.js": 1751372794009,
  "manifest-bundle.zip": 1753192371887,
  "Component-preload.js": 1753192376878,
  "model/models-dbg.js": 1751372726484,
  "utils/swal-dbg.js": 1751372726484,
  "utils/lodash-dbg.js": 1751372726484,
  "ui/BusyIndicator-dbg.js": 1751372794329,
  "ui/BusyDialog-dbg.js": 1751372794329,
  "assets/scripts/forge.min-dbg.js": 1751372726460,
  "model/formatter-dbg.js": 1751372726484,
  "controller/ViewMission-dbg.controller.js": 1751372794169,
  "controller/Unauthorized-dbg.controller.js": 1751372794009,
  "controller/NotFound-dbg.controller.js": 1751372794265,
  "controller/ItineraryMission-dbg.controller.js": 1751372794329,
  "controller/Home-dbg.controller.js": 1751971554906,
  "controller/EditMission-dbg.controller.js": 1751640157532,
  "controller/CreateMission-dbg.controller.js": 1751640157532,
  "controller/ClaimMission-dbg.controller.js": 1751372794245,
  "controller/BaseController-dbg.js": 1751637703489,
  "controller/ApproveMission-dbg.controller.js": 1751372794245,
  "controller/ApproveClaim-dbg.controller.js": 1751372794009,
  "controller/ApproveCancel-dbg.controller.js": 1751372794009,
  "controller/ApproveAdvance-dbg.controller.js": 1751372794169,
  "controller/App-dbg.controller.js": 1751372794009,
  "controller/AdvanceMission-dbg.controller.js": 1751372794265,
  "controller/AdminPage-dbg.controller.js": 1751372794009,
  "Component-dbg.js": 1751372794009,
  "assets/images/icons/user.gif": 1751372726448,
  "assets/images/icons/en.png": 1751372726448,
  "assets/images/icons/ar.png": 1751372726444,
  "assets/images/favicon/favicon-32x32.png": 1751372726444,
  "view/fragments/SelectDelegator.fragment.xml": 1751372726460,
  "view/fragments/SearchEmployee.fragment.xml": 1751372726460,
  "view/fragments/ReportDateSelection.fragment.xml": 1751372726460,
  "view/fragments/PresetDateSelection.fragment.xml": 1751372726460,
  "view/fragments/HeaderOverflowMenuPopover.fragment.xml": 1751372726460,
  "view/fragments/Header.fragment.xml": 1751372726460,
  "view/fragments/GenericBusyDialog.fragment.xml": 1751372794649,
  "view/fragments/ErrorPane.fragment.xml": 1751372726460,
  "view/fragments/ClaimAdvanceFilterDialog.fragment.xml": 1751372726460,
  "assets/images/logo.png": 1751372726452,
  "assets/images/logo-ar.png": 1751372726452,
  "assets/images/loader.svg": 1751372726452,
  "view/ViewMission.view.xml": 1751372794405,
  "view/Unauthorized.view.xml": 1751372794405,
  "view/NotFound.view.xml": 1751372794329,
  "view/ItineraryMission.view.xml": 1751372794405,
  "view/Home.view.xml": 1751372794405,
  "view/EditMission.view.xml": 1751637487585,
  "view/CreateMission.view.xml": 1751637487585,
  "view/ClaimMission.view.xml": 1751372794329,
  "view/ApproveMission.view.xml": 1751372794649,
  "view/ApproveClaim.view.xml": 1751372794405,
  "view/ApproveCancel.view.xml": 1751372794405,
  "view/ApproveAdvance.view.xml": 1751372794405,
  "view/App.view.xml": 1751372794405,
  "view/AdvanceMission.view.xml": 1751372794329,
  "view/AdminPage.view.xml": 1751372794405,
  "css/style.css": 1751372726468,
  "css/animate.css": 1751372726484,
  "index.html": 1751372794009
}