{
  "controller/EditMission-dbg.controller.js": 1761127821495,
  "i18n/i18n_ar.properties": 1760355616449,
  "i18n/i18n_en.properties": 1760355608941,
  "ui/BusyIndicator.js": 1754391493459,
  "manifest.json": 1762255412878,
  "assets/scripts/forge.min.js": 1754391493447,
  "utils/swal.js": 1754391493459,
  "utils/lodash.js": 1754391493459,
  "ui/MultiSelectComboBox.js": 1760356920253,
  "assets/data/findMissions.json": 1754391493447,
  "ui/BusyDialog.js": 1754391493459,
  "model/models.js": 1754391493459,
  "model/formatter.js": 1754391493459,
  "controller/ViewMission.controller.js": 1760545503583,
  "controller/Unauthorized.controller.js": 1754391493451,
  "controller/NotFound.controller.js": 1754391493451,
  "controller/ItineraryMission.controller.js": 1761127979491,
  "controller/Home.controller.js": 1754391493451,
  "controller/EditMission.controller.js": 1761127821495,
  "controller/CreateMission.controller.js": 1761127961003,
  "controller/ClaimMission.controller.js": 1761127909331,
  "controller/BaseController.js": 1760545745183,
  "controller/ApproveMission.controller.js": 1760545479375,
  "controller/ApproveClaim.controller.js": 1761127902971,
  "controller/ApproveCancel.controller.js": 1760545461182,
  "controller/ApproveAdvance.controller.js": 1761127935359,
  "controller/App.controller.js": 1754391493447,
  "controller/AdvanceMission.controller.js": 1760545443042,
  "controller/AdminPage.controller.js": 1754391493447,
  "Component.js": 1754391493447,
  "manifest-bundle.zip": 1762255412974,
  "Component-preload.js": 1762255414759,
  "controller/Unauthorized-dbg.controller.js": 1754391493451,
  "utils/swal-dbg.js": 1754391493459,
  "utils/lodash-dbg.js": 1754391493459,
  "ui/MultiSelectComboBox-dbg.js": 1760356920253,
  "ui/BusyIndicator-dbg.js": 1754391493459,
  "ui/BusyDialog-dbg.js": 1754391493459,
  "model/models-dbg.js": 1754391493459,
  "model/formatter-dbg.js": 1754391493459,
  "controller/ViewMission-dbg.controller.js": 1760545503583,
  "assets/scripts/forge.min-dbg.js": 1754391493447,
  "controller/NotFound-dbg.controller.js": 1754391493451,
  "controller/ItineraryMission-dbg.controller.js": 1761127979491,
  "controller/Home-dbg.controller.js": 1754391493451,
  "i18n/i18n.properties": 1760355602733,
  "controller/CreateMission-dbg.controller.js": 1761127961003,
  "controller/ClaimMission-dbg.controller.js": 1761127909331,
  "controller/BaseController-dbg.js": 1760545745183,
  "controller/ApproveMission-dbg.controller.js": 1760545479375,
  "controller/ApproveClaim-dbg.controller.js": 1761127902971,
  "controller/ApproveCancel-dbg.controller.js": 1760545461182,
  "controller/ApproveAdvance-dbg.controller.js": 1761127935359,
  "controller/App-dbg.controller.js": 1754391493447,
  "controller/AdvanceMission-dbg.controller.js": 1760545443042,
  "controller/AdminPage-dbg.controller.js": 1754391493447,
  "Component-dbg.js": 1754391493447,
  "assets/images/icons/user.gif": 1754391493447,
  "assets/images/icons/en.png": 1754391493447,
  "assets/images/icons/ar.png": 1754391493447,
  "assets/images/favicon/favicon-32x32.png": 1754391493447,
  "view/fragments/TableP13nDialog.fragment.xml": 1754391493471,
  "view/fragments/SelectDelegator.fragment.xml": 1754391493471,
  "view/fragments/SearchEmployee.fragment.xml": 1754391493471,
  "view/fragments/ReportDateSelection.fragment.xml": 1754391493471,
  "view/fragments/PresetDateSelection.fragment.xml": 1754391493471,
  "view/fragments/HeaderOverflowMenuPopover.fragment.xml": 1754391493471,
  "view/fragments/Header.fragment.xml": 1754391493471,
  "view/fragments/GenericBusyDialog.fragment.xml": 1754391493471,
  "view/fragments/ErrorPane.fragment.xml": 1754391493471,
  "view/fragments/ClaimAdvanceFilterDialog.fragment.xml": 1754391493471,
  "assets/images/logo.png": 1754391493447,
  "assets/images/logo-ar.png": 1754391493447,
  "assets/images/loader.svg": 1754391493447,
  "view/ViewMission.view.xml": 1762255384126,
  "view/Unauthorized.view.xml": 1754391493471,
  "view/NotFound.view.xml": 1754391493471,
  "view/ItineraryMission.view.xml": 1762255378282,
  "view/Home.view.xml": 1754391493471,
  "view/EditMission.view.xml": 1760542886626,
  "view/CreateMission.view.xml": 1762255170466,
  "view/ClaimMission.view.xml": 1762255373854,
  "view/ApproveMission.view.xml": 1762255368466,
  "view/ApproveClaim.view.xml": 1762255363278,
  "view/ApproveCancel.view.xml": 1762255358846,
  "view/ApproveAdvance.view.xml": 1762255354870,
  "view/App.view.xml": 1754391493463,
  "view/AdvanceMission.view.xml": 1762255350426,
  "view/AdminPage.view.xml": 1754391493463,
  "ui/MultiSelectComboBox.css": 1760354945160,
  "css/style.css": 1760535222260,
  "css/animate.css": 1754391493451,
  "index.html": 1754391493459
}