{
  "utils/swal-dbg.js": 1742035740894,
  "i18n/i18n_ar.properties": 1751962287803,
  "i18n/i18n.properties": 1750854103001,
  "manifest.json": 1751978217986,
  "assets/data/findMissions.json": 1729671544000,
  "assets/scripts/forge.min.js": 1729671544000,
  "utils/swal.js": 1742035740894,
  "utils/lodash.js": 1741985437637,
  "controller/ViewMission.controller.js": 1750926139579,
  "controller/Unauthorized.controller.js": 1743185356307,
  "controller/NotFound.controller.js": 1733468237000,
  "controller/ItineraryMission.controller.js": 1750926273503,
  "controller/Home.controller.js": 1750833014718,
  "controller/EditMission.controller.js": 1751640157552,
  "controller/CreateMission.controller.js": 1751639881772,
  "controller/ClaimMission.controller.js": 1750926264871,
  "controller/BaseController.js": 1751637439749,
  "controller/ApproveMission.controller.js": 1750926256607,
  "controller/ApproveClaim.controller.js": 1750926245987,
  "controller/ApproveCancel.controller.js": 1751367467456,
  "controller/ApproveAdvance.controller.js": 1750926229403,
  "controller/App.controller.js": 1742600515549,
  "controller/AdvanceMission.controller.js": 1750926132883,
  "controller/AdminPage.controller.js": 1744383337137,
  "ui/BusyIndicator.js": 1742297943306,
  "ui/BusyDialog.js": 1744310071997,
  "model/models.js": 1743793322171,
  "model/formatter.js": 1747048412826,
  "Component.js": 1742608321440,
  "manifest-bundle.zip": 1751978217992,
  "Component-preload.js": 1751978219444,
  "controller/ApproveAdvance-dbg.controller.js": 1750926229403,
  "i18n/i18n_en.properties": 1750854109165,
  "utils/lodash-dbg.js": 1741985437637,
  "ui/BusyIndicator-dbg.js": 1742297943306,
  "ui/BusyDialog-dbg.js": 1744310071997,
  "controller/ViewMission-dbg.controller.js": 1750926139579,
  "controller/Unauthorized-dbg.controller.js": 1743185356307,
  "controller/NotFound-dbg.controller.js": 1733468237000,
  "controller/ItineraryMission-dbg.controller.js": 1750926273503,
  "controller/Home-dbg.controller.js": 1750833014718,
  "controller/EditMission-dbg.controller.js": 1751640157552,
  "controller/CreateMission-dbg.controller.js": 1751639881772,
  "controller/ClaimMission-dbg.controller.js": 1750926264871,
  "controller/BaseController-dbg.js": 1751637439749,
  "controller/ApproveMission-dbg.controller.js": 1750926256607,
  "controller/ApproveClaim-dbg.controller.js": 1750926245987,
  "controller/ApproveCancel-dbg.controller.js": 1751367467456,
  "assets/scripts/forge.min-dbg.js": 1729671544000,
  "controller/App-dbg.controller.js": 1742600515549,
  "controller/AdvanceMission-dbg.controller.js": 1750926132883,
  "controller/AdminPage-dbg.controller.js": 1744383337137,
  "model/models-dbg.js": 1743793322171,
  "model/formatter-dbg.js": 1747048412826,
  "Component-dbg.js": 1742608321440,
  "assets/images/icons/user.gif": 1729671544000,
  "assets/images/icons/en.png": 1729671544000,
  "assets/images/icons/ar.png": 1729671544000,
  "assets/images/favicon/favicon-32x32.png": 1729671544000,
  "view/fragments/TableP13nDialog.fragment.xml": 1747580538332,
  "view/fragments/SelectDelegator.fragment.xml": 1742641179060,
  "view/fragments/SearchEmployee.fragment.xml": 1748894766094,
  "view/fragments/ReportDateSelection.fragment.xml": 1743584265936,
  "view/fragments/PresetDateSelection.fragment.xml": 1742336672959,
  "view/fragments/HeaderOverflowMenuPopover.fragment.xml": 1742619601419,
  "view/fragments/Header.fragment.xml": 1743793570425,
  "view/fragments/GenericBusyDialog.fragment.xml": 1744311258474,
  "view/fragments/ErrorPane.fragment.xml": 1742742188651,
  "view/fragments/ClaimAdvanceFilterDialog.fragment.xml": 1744115940427,
  "assets/images/logo.png": 1729671544000,
  "assets/images/logo-ar.png": 1729671544000,
  "assets/images/loader.svg": 1729689284000,
  "view/ViewMission.view.xml": 1750854181906,
  "view/Unauthorized.view.xml": 1743188030897,
  "view/NotFound.view.xml": 1733468364000,
  "view/ItineraryMission.view.xml": 1750854193950,
  "view/Home.view.xml": 1748426672897,
  "view/EditMission.view.xml": 1751637487585,
  "view/CreateMission.view.xml": 1751637456321,
  "view/ClaimMission.view.xml": 1750854203094,
  "view/ApproveMission.view.xml": 1751370359671,
  "view/ApproveClaim.view.xml": 1750854221446,
  "view/ApproveCancel.view.xml": 1750854230234,
  "view/ApproveAdvance.view.xml": 1750854236266,
  "view/App.view.xml": 1733468270000,
  "view/AdvanceMission.view.xml": 1750854244850,
  "view/AdminPage.view.xml": 1744381931263,
  "css/style.css": 1747499291711,
  "css/animate.css": 1742330166659,
  "index.html": 1747498100884
}