{
  "assets/images/logo.png": 1748954470705,
  "i18n/i18n_ar.properties": 1758107961630,
  "i18n/i18n_en.properties": 1758107904429,
  "controller/ClaimMission.controller.js": 1761550063652,
  "manifest.json": 1761550470561,
  "controller/ViewMission.controller.js": 1751369587392,
  "controller/Unauthorized.controller.js": 1748954693502,
  "controller/NotFound.controller.js": 1748954693606,
  "controller/ItineraryMission.controller.js": 1761550231632,
  "controller/Home.controller.js": 1751971675883,
  "controller/EditMission.controller.js": 1761550192728,
  "controller/CreateMission.controller.js": 1761550147548,
  "assets/data/findMissions.json": 1748954470705,
  "controller/BaseController.js": 1758108130575,
  "controller/ApproveMission.controller.js": 1751367664638,
  "controller/ApproveClaim.controller.js": 1761549982200,
  "controller/ApproveCancel.controller.js": 1751367497709,
  "controller/ApproveAdvance.controller.js": 1761549901888,
  "controller/App.controller.js": 1748954693502,
  "controller/AdvanceMission.controller.js": 1751367289851,
  "controller/AdminPage.controller.js": 1748954693502,
  "assets/scripts/forge.min.js": 1748954470709,
  "utils/swal.js": 1748954470709,
  "utils/lodash.js": 1748954470709,
  "model/models.js": 1748954470709,
  "model/formatter.js": 1748954470709,
  "ui/BusyIndicator.js": 1748954693646,
  "ui/BusyDialog.js": 1748954693646,
  "Component.js": 1748954693502,
  "manifest-bundle.zip": 1761550470596,
  "Component-preload.js": 1761550472864,
  "ui/BusyDialog-dbg.js": 1748954693646,
  "utils/swal-dbg.js": 1748954470709,
  "utils/lodash-dbg.js": 1748954470709,
  "ui/BusyIndicator-dbg.js": 1748954693646,
  "assets/scripts/forge.min-dbg.js": 1748954470709,
  "model/models-dbg.js": 1748954470709,
  "model/formatter-dbg.js": 1748954470709,
  "controller/ViewMission-dbg.controller.js": 1751369587392,
  "controller/Unauthorized-dbg.controller.js": 1748954693502,
  "controller/NotFound-dbg.controller.js": 1748954693606,
  "controller/ItineraryMission-dbg.controller.js": 1761550231632,
  "controller/Home-dbg.controller.js": 1751971675883,
  "controller/EditMission-dbg.controller.js": 1761550192728,
  "controller/CreateMission-dbg.controller.js": 1761550147548,
  "controller/ClaimMission-dbg.controller.js": 1761550063652,
  "controller/BaseController-dbg.js": 1758108130575,
  "controller/ApproveMission-dbg.controller.js": 1751367664638,
  "controller/ApproveClaim-dbg.controller.js": 1761549982200,
  "controller/ApproveCancel-dbg.controller.js": 1751367497709,
  "controller/ApproveAdvance-dbg.controller.js": 1761549901888,
  "controller/App-dbg.controller.js": 1748954693502,
  "controller/AdvanceMission-dbg.controller.js": 1751367289851,
  "controller/AdminPage-dbg.controller.js": 1748954693502,
  "Component-dbg.js": 1748954693502,
  "assets/images/favicon/favicon-32x32.png": 1748954470705,
  "assets/images/icons/user.gif": 1748954470705,
  "assets/images/icons/en.png": 1748954470705,
  "assets/images/icons/ar.png": 1748954470705,
  "view/fragments/SelectDelegator.fragment.xml": 1748954470709,
  "view/fragments/SearchEmployee.fragment.xml": 1748954470709,
  "view/fragments/ReportDateSelection.fragment.xml": 1748954470709,
  "view/fragments/PresetDateSelection.fragment.xml": 1748954470709,
  "view/fragments/HeaderOverflowMenuPopover.fragment.xml": 1748954470709,
  "view/fragments/Header.fragment.xml": 1748954470709,
  "view/fragments/GenericBusyDialog.fragment.xml": 1748954693734,
  "view/fragments/ErrorPane.fragment.xml": 1748954470709,
  "view/fragments/ClaimAdvanceFilterDialog.fragment.xml": 1748954470709,
  "i18n/i18n.properties": 1758107893865,
  "assets/images/logo-ar.png": 1748954470705,
  "assets/images/loader.svg": 1748954470705,
  "view/ViewMission.view.xml": 1751372008842,
  "view/Unauthorized.view.xml": 1748954693646,
  "view/NotFound.view.xml": 1748954693646,
  "view/ItineraryMission.view.xml": 1760543196831,
  "view/Home.view.xml": 1754395460039,
  "view/EditMission.view.xml": 1760543196899,
  "view/CreateMission.view.xml": 1751637487585,
  "view/ClaimMission.view.xml": 1754490919425,
  "view/ApproveMission.view.xml": 1760543196903,
  "view/ApproveClaim.view.xml": 1751370407004,
  "view/ApproveCancel.view.xml": 1760543196831,
  "view/ApproveAdvance.view.xml": 1760543196831,
  "view/App.view.xml": 1748954693646,
  "view/AdvanceMission.view.xml": 1751370027976,
  "view/AdminPage.view.xml": 1748954693734,
  "css/style.css": 1748954470709,
  "css/animate.css": 1748954470709,
  "index.html": 1748954693502
}