{
  "assets/images/icons/en.png": 1748954470705,
  "i18n/i18n_ar.properties": 1762243832398,
  "i18n/i18n_en.properties": 1762244332195,
  "controller/ApproveClaim.controller.js": 1762241335318,
  "manifest.json": 1762255398987,
  "assets/scripts/forge.min.js": 1748954470709,
  "model/models.js": 1748954470709,
  "model/formatter.js": 1748954470709,
  "utils/swal.js": 1748954470709,
  "utils/lodash.js": 1748954470709,
  "controller/ViewMission.controller.js": 1762243336713,
  "controller/Unauthorized.controller.js": 1748954693502,
  "controller/NotFound.controller.js": 1748954693606,
  "controller/ItineraryMission.controller.js": 1762242972681,
  "controller/Home.controller.js": 1751971675883,
  "controller/EditMission.controller.js": 1762242656428,
  "controller/CreateMission.controller.js": 1762242319908,
  "controller/ClaimMission.controller.js": 1762241969015,
  "controller/BaseController.js": 1762241782218,
  "controller/ApproveMission.controller.js": 1762241691618,
  "assets/data/findMissions.json": 1748954470705,
  "controller/ApproveCancel.controller.js": 1762240624481,
  "controller/ApproveAdvance.controller.js": 1762240203737,
  "controller/App.controller.js": 1748954693502,
  "controller/AdvanceMission.controller.js": 1762239855560,
  "controller/AdminPage.controller.js": 1748954693502,
  "ui/MultiSelectComboBox.js": 1762243993346,
  "ui/BusyIndicator.js": 1748954693646,
  "ui/BusyDialog.js": 1748954693646,
  "Component.js": 1748954693502,
  "manifest-bundle.zip": 1762255398994,
  "Component-preload.js": 1762255401019,
  "controller/CreateMission-dbg.controller.js": 1762242319908,
  "utils/swal-dbg.js": 1748954470709,
  "utils/lodash-dbg.js": 1748954470709,
  "ui/MultiSelectComboBox-dbg.js": 1762243993346,
  "ui/BusyIndicator-dbg.js": 1748954693646,
  "ui/BusyDialog-dbg.js": 1748954693646,
  "controller/ViewMission-dbg.controller.js": 1762243336713,
  "controller/Unauthorized-dbg.controller.js": 1748954693502,
  "controller/NotFound-dbg.controller.js": 1748954693606,
  "controller/ItineraryMission-dbg.controller.js": 1762242972681,
  "controller/Home-dbg.controller.js": 1751971675883,
  "controller/EditMission-dbg.controller.js": 1762242656428,
  "assets/scripts/forge.min-dbg.js": 1748954470709,
  "controller/ClaimMission-dbg.controller.js": 1762241969015,
  "controller/BaseController-dbg.js": 1762241782218,
  "controller/ApproveMission-dbg.controller.js": 1762241691618,
  "controller/ApproveClaim-dbg.controller.js": 1762241335318,
  "controller/ApproveCancel-dbg.controller.js": 1762240624481,
  "controller/ApproveAdvance-dbg.controller.js": 1762240203737,
  "controller/App-dbg.controller.js": 1748954693502,
  "controller/AdvanceMission-dbg.controller.js": 1762239855560,
  "controller/AdminPage-dbg.controller.js": 1748954693502,
  "model/models-dbg.js": 1748954470709,
  "model/formatter-dbg.js": 1748954470709,
  "Component-dbg.js": 1748954693502,
  "assets/images/icons/user.gif": 1748954470705,
  "i18n/i18n.properties": 1762243491773,
  "assets/images/icons/ar.png": 1748954470705,
  "assets/images/favicon/favicon-32x32.png": 1748954470705,
  "view/fragments/SelectDelegator.fragment.xml": 1748954470709,
  "view/fragments/SearchEmployee.fragment.xml": 1748954470709,
  "view/fragments/ReportDateSelection.fragment.xml": 1748954470709,
  "view/fragments/PresetDateSelection.fragment.xml": 1748954470709,
  "view/fragments/HeaderOverflowMenuPopover.fragment.xml": 1748954470709,
  "view/fragments/Header.fragment.xml": 1748954470709,
  "view/fragments/GenericBusyDialog.fragment.xml": 1748954693734,
  "view/fragments/ErrorPane.fragment.xml": 1748954470709,
  "view/fragments/ClaimAdvanceFilterDialog.fragment.xml": 1748954470709,
  "assets/images/logo.png": 1748954470705,
  "assets/images/logo-ar.png": 1748954470705,
  "assets/images/loader.svg": 1748954470705,
  "view/ViewMission.view.xml": 1762255342530,
  "view/Unauthorized.view.xml": 1748954693646,
  "view/NotFound.view.xml": 1748954693646,
  "view/ItineraryMission.view.xml": 1762255321454,
  "view/Home.view.xml": 1754395460039,
  "view/EditMission.view.xml": 1762255326770,
  "view/CreateMission.view.xml": 1762255170466,
  "view/ClaimMission.view.xml": 1762255315354,
  "view/ApproveMission.view.xml": 1762255307398,
  "view/ApproveClaim.view.xml": 1762255301110,
  "view/ApproveCancel.view.xml": 1762255293850,
  "view/ApproveAdvance.view.xml": 1762255287014,
  "view/App.view.xml": 1748954693646,
  "view/AdvanceMission.view.xml": 1762255281302,
  "view/AdminPage.view.xml": 1748954693734,
  "ui/MultiSelectComboBox.css": 1762243958230,
  "css/style.css": 1762243443989,
  "css/animate.css": 1748954470709,
  "index.html": 1748954693502
}